<?xml version="1.0" encoding="UTF-8"?><OME xmlns="http://www.openmicroscopy.org/Schemas/OME/2016-06" xmlns:xsi="http://www.w3.org/2001/XMLSchema-instance" xsi:schemaLocation="http://www.openmicroscopy.org/Schemas/OME/2016-06 http://www.openmicroscopy.org/Schemas/OME/2016-06/ome.xsd"><Image ID="Image:0" Name="WD2.1_21-02_WT_confocalonly_segmented.tif"><Description>{"shape": [38, 512, 512]}</Description><Pixels BigEndian="true" DimensionOrder="XYZCT" ID="Pixels:0" Interleaved="false" PhysicalSizeX="1.0" PhysicalSizeXUnit="µm" PhysicalSizeY="1.0" PhysicalSizeYUnit="µm" SignificantBits="32" SizeC="1" SizeT="38" SizeX="512" SizeY="512" SizeZ="1" Type="uint32"><Channel ID="Channel:0:0" SamplesPerPixel="1"><LightPath/></Channel><MetadataOnly/></Pixels></Image><StructuredAnnotations><XMLAnnotation ID="Annotation:0" Namespace="openmicroscopy.org/OriginalMetadata"><Value><OriginalMetadata><Key>BitsPerSample</Key><Value>32</Value></OriginalMetadata></Value></XMLAnnotation><XMLAnnotation ID="Annotation:1" Namespace="openmicroscopy.org/OriginalMetadata"><Value><OriginalMetadata><Key>ImageLength</Key><Value>512</Value></OriginalMetadata></Value></XMLAnnotation><XMLAnnotation ID="Annotation:2" Namespace="openmicroscopy.org/OriginalMetadata"><Value><OriginalMetadata><Key>MetaDataPhotometricInterpretation</Key><Value>Monochrome</Value></OriginalMetadata></Value></XMLAnnotation><XMLAnnotation ID="Annotation:3" Namespace="openmicroscopy.org/OriginalMetadata"><Value><OriginalMetadata><Key>ImageWidth</Key><Value>512</Value></OriginalMetadata></Value></XMLAnnotation><XMLAnnotation ID="Annotation:4" Namespace="openmicroscopy.org/OriginalMetadata"><Value><OriginalMetadata><Key>NumberOfChannels</Key><Value>1</Value></OriginalMetadata></Value></XMLAnnotation><XMLAnnotation ID="Annotation:5" Namespace="openmicroscopy.org/OriginalMetadata"><Value><OriginalMetadata><Key>PhotometricInterpretation</Key><Value>BlackIsZero</Value></OriginalMetadata></Value></XMLAnnotation><XMLAnnotation ID="Annotation:6" Namespace="openmicroscopy.org/OriginalMetadata"><Value><OriginalMetadata><Key>YResolution</Key><Value>1.0</Value></OriginalMetadata></Value></XMLAnnotation><XMLAnnotation ID="Annotation:7" Namespace="openmicroscopy.org/OriginalMetadata"><Value><OriginalMetadata><Key>Software</Key><Value>tifffile.py</Value></OriginalMetadata></Value></XMLAnnotation><XMLAnnotation ID="Annotation:8" Namespace="openmicroscopy.org/OriginalMetadata"><Value><OriginalMetadata><Key>Compression</Key><Value>Deflate (Zlib)</Value></OriginalMetadata></Value></XMLAnnotation><XMLAnnotation ID="Annotation:9" Namespace="openmicroscopy.org/OriginalMetadata"><Value><OriginalMetadata><Key>XResolution</Key><Value>1.0</Value></OriginalMetadata></Value></XMLAnnotation><XMLAnnotation ID="Annotation:10" Namespace="openmicroscopy.org/OriginalMetadata"><Value><OriginalMetadata><Key>SamplesPerPixel</Key><Value>1</Value></OriginalMetadata></Value></XMLAnnotation><XMLAnnotation ID="Annotation:11" Namespace="openmicroscopy.org/OriginalMetadata"><Value><OriginalMetadata><Key>MetaMorph</Key><Value>no</Value></OriginalMetadata></Value></XMLAnnotation><XMLAnnotation ID="Annotation:12" Namespace="openmicroscopy.org/OriginalMetadata"><Value><OriginalMetadata><Key>ResolutionUnit</Key><Value>None</Value></OriginalMetadata></Value></XMLAnnotation></StructuredAnnotations></OME>